{
  "tip left": 0.041252849974136405,
  "tip right": 0.05716699846433545
}