{
  "left tip left": 0.004196288434658438,
  "left tip right": 0.004563187288133822,
  "right tip left": 0.007283612248280627,
  "right tip right": 0.006288939921452705
}