{
  "tip left": 0.008560199889693537,
  "tip right": 0.00943253235012192
}