{
  "tip left": 0.008097487042562353,
  "tip right": 0.010757121255017545
}