{
  "left tip left": 0.01597503948419564,
  "left tip right": 0.01510697756363781,
  "right tip left": 0.014199821481223755,
  "right tip right": 0.013949451430263281
}