{
  "episode_000000/videos/side_realsense_rgb.mp4_602": {
    "point0": [
      0.43680697826683845,
      0.16972683751056042
    ],
    "point1": [
      0.4814138171373054,
      0.14539566319346664
    ]
  },
  "episode_000001/videos/side_realsense_rgb.mp4_87": {
    "point0": [
      0.4976344858174752,
      0.25803998873556744
    ]
  },
  "episode_000002/videos/side_realsense_rgb.mp4_427": {
    "point0": [
      0.47871037235727715,
      0.13908758096310897
    ],
    "point1": [
      0.4476207573869517,
      0.08231484088989018
    ]
  },
  "episode_000003/videos/side_realsense_rgb.mp4_469": {
    "point0": [
      0.4199104483916616,
      0.21117994931005352
    ]
  },
  "episode_000004/videos/side_realsense_rgb.mp4_12": {
    "point0": [
      0.3259657422856781,
      0.3373415939172064
    ]
  },
  "episode_000005/videos/side_realsense_rgb.mp4_627": {
    "point0": [
      0.43072422751177475,
      0.0588848211771332
    ]
  },
  "episode_000006/videos/side_realsense_rgb.mp4_1239": {
    "point0": [
      0.3746277483261875,
      0.33193466629118556
    ]
  },
  "episode_000007/videos/side_realsense_rgb.mp4_348": {
    "point0": [
      0.45100006336198706,
      0.7744015770205576
    ]
  },
  "episode_000008/videos/side_realsense_rgb.mp4_1181": {
    "point0": [
      0.4023380573214776,
      0.5157702055758941
    ],
    "point1": [
      0.46654487084714974,
      0.39862010701210926
    ]
  },
  "episode_000009/videos/side_realsense_rgb.mp4_576": {
    "point0": [
      0.49020001267239743,
      0.2661503801745987
    ],
    "point1": [
      0.5030413753775318,
      0.24812728808786258
    ]
  },
  "episode_000011/videos/side_realsense_rgb.mp4_511": {
    "point0": [
      0.5266965172027794,
      0.2661503801745987
    ]
  },
  "episode_000012/videos/side_realsense_rgb.mp4_447": {
    "point0": [
      0.513179293302638,
      0.29859194593072375
    ]
  },
  "episode_000014/videos/side_realsense_rgb.mp4_633": {
    "point0": [
      0.5091241261325955,
      0.4202478175161926
    ],
    "point1": [
      0.540213741102921,
      0.39771895240777244
    ]
  },
  "episode_000015/videos/side_realsense_rgb.mp4_956": {
    "point0": [
      0.4246414767567111,
      0.2499295972965362
    ]
  },
  "episode_000020/videos/side_realsense_rgb.mp4_403": {
    "point0": [
      0.504393097767546,
      0.18774992959729653
    ],
    "point1": [
      0.5523792426130484,
      0.13007603491974093
    ]
  },
  "episode_000018/videos/side_realsense_rgb.mp4_988": {
    "point0": [
      0.4537035081420153,
      0.23641227823148409
    ]
  },
  "episode_000016/videos/side_realsense_rgb.mp4_1221": {
    "point0": [
      0.3530001900859611,
      0.35536468600394255
    ],
    "point1": [
      0.37530360952119457,
      0.2598422979442411
    ]
  },
  "episode_000021/videos/side_realsense_rgb.mp4_1008": {
    "point0": [
      0.396931167761421,
      0.3887074063644044
    ]
  },
  "episode_000022/videos/side_realsense_rgb.mp4_677": {
    "point0": [
      0.4847931231123408,
      0.47521824838073784
    ]
  },
  "episode_000023/videos/side_realsense_rgb.mp4_950": {
    "point0": [
      0.5740068008532747,
      0.25533652492255704
    ]
  },
  "episode_000024/videos/side_realsense_rgb.mp4_481": {
    "point0": [
      0.5199379052527088,
      0.2922838637003661
    ],
    "point1": [
      0.5381861575178998,
      0.20667417628836948
    ]
  },
  "episode_000026/videos/side_realsense_rgb.mp4_1093": {
    "point0": [
      0.4361311170718314,
      0.39591664319909886
    ],
    "point1": [
      0.3800346378862441,
      0.3003942551393973
    ]
  },
  "episode_000027/videos/side_realsense_rgb.mp4_1262": {
    "point0": [
      0.39625530656641395,
      0.367079695860321
    ]
  },
  "episode_000029/videos/side_realsense_rgb.mp4_1224": {
    "point0": [
      0.38341394386127947,
      0.39591664319909886
    ]
  },
  "episode_000030/videos/side_realsense_rgb.mp4_511": {
    "point0": [
      0.5125034321076309,
      0.1417910447761194
    ],
    "point1": [
      0.4881724290873762,
      0.07690791326386934
    ]
  },
  "episode_000031/videos/side_realsense_rgb.mp4_856": {
    "point0": [
      0.4908758738674045,
      0.4067304984511405
    ]
  },
  "episode_000032/videos/side_realsense_rgb.mp4_713": {
    "point0": [
      0.4570828141170507,
      0.577048718670797
    ]
  },
  "episode_000033/videos/side_realsense_rgb.mp4_12": {
    "point0": [
      0.3259657422856781,
      0.3355392847085328
    ]
  },
  "episode_000034/videos/side_realsense_rgb.mp4_698": {
    "point0": [
      0.41720700361163326,
      0.09222754153759505
    ]
  },
  "episode_000035/videos/side_realsense_rgb.mp4_622": {
    "point0": [
      0.531427545567829,
      0.4004224162207829
    ]
  },
  "episode_000036/videos/side_realsense_rgb.mp4_1034": {
    "point0": [
      0.47803451116227,
      0.6779780343565193
    ]
  },
  "episode_000037/videos/side_realsense_rgb.mp4_650": {
    "point0": [
      0.4678965932371639,
      0.41213742607716136
    ]
  },
  "episode_000038/videos/side_realsense_rgb.mp4_1009": {
    "point0": [
      0.4604621200920861,
      0.4635032385243593
    ]
  },
  "episode_000039/videos/side_realsense_rgb.mp4_1019": {
    "point0": [
      0.4070690856865271,
      0.43827090960292875
    ]
  },
  "episode_000040/videos/side_realsense_rgb.mp4_737": {
    "point0": [
      0.46924831562717806,
      0.12647141650239369
    ],
    "point1": [
      0.44491731260692335,
      0.06429174880315404
    ]
  },
  "episode_000041/videos/side_realsense_rgb.mp4_867": {
    "point0": [
      0.45302764694700826,
      0.17423261053224443
    ]
  },
  "episode_000042/videos/side_realsense_rgb.mp4_533": {
    "point0": [
      0.3644898304010814,
      0.23460996902281048
    ]
  },
  "episode_000043/videos/side_realsense_rgb.mp4_336": {
    "point0": [
      0.43207594990178894,
      0.44818361025063364
    ]
  },
  "episode_000044/videos/side_realsense_rgb.mp4_382": {
    "point0": [
      0.4929034574524257,
      0.32742889326950153
    ]
  },
  "episode_000045/videos/side_realsense_rgb.mp4_747": {
    "point0": [
      0.4537035081420153,
      0.5860602647141651
    ]
  },
  "episode_000046/videos/side_realsense_rgb.mp4_1169": {
    "point0": [
      0.36786913637611673,
      0.35446353139960574
    ]
  },
  "episode_000048/videos/side_realsense_rgb.mp4_1155": {
    "point0": [
      0.34894502291591867,
      0.34094621233455363
    ],
    "point1": [
      0.361110524426046,
      0.24632497887918897
    ]
  },
  "episode_000049/videos/side_realsense_rgb.mp4_644": {
    "point0": [
      0.5023655141825247,
      0.5103632779498732
    ]
  },
  "episode_000050/videos/side_realsense_rgb.mp4_1228": {
    "point0": [
      0.3232622975056498,
      0.3364404393128696
    ]
  },
  "episode_000051/videos/side_realsense_rgb.mp4_473": {
    "point0": [
      0.4570828141170507,
      0.17603491974091806
    ]
  },
  "episode_000052/videos/side_realsense_rgb.mp4_254": {
    "point0": [
      0.44694489619194455,
      0.469811320754717
    ]
  },
  "episode_000053/videos/side_realsense_rgb.mp4_1053": {
    "point0": [
      0.5652206053181827,
      0.6960011264432554
    ]
  },
  "episode_000054/videos/side_realsense_rgb.mp4_204": {
    "point0": [
      0.4219380319766828,
      0.5265840608279357
    ]
  },
  "episode_000055/videos/side_realsense_rgb.mp4_697": {
    "point0": [
      0.5956343590935012,
      0.735651929034075
    ]
  },
  "episode_000056/videos/side_realsense_rgb.mp4_179": {
    "point0": [
      0.3584070796460177,
      0.43917206420726557
    ]
  },
  "episode_000057/videos/side_realsense_rgb.mp4_760": {
    "point0": [
      0.44829661858195874,
      0.5842579555054914
    ]
  },
  "episode_000058/videos/side_realsense_rgb.mp4_431": {
    "point0": [
      0.5070965425475743,
      0.46440439312869614
    ]
  },