{
  "tip left": 0.0055715267309801595,
  "tip right": 0.005980860787336247
}