{
  "episode_000000/videos/right_realsense_rgb.mp4_183": {
    "point0": [
      0.33813124379580545,
      0.6058856660095747
    ]
  },
  "episode_000001/videos/right_realsense_rgb.mp4_482": {
    "point0": [
      0.26648995712505547,
      0.2400168966488313
    ],
    "point1": [
      0.26919340190508373,
      0.2255984229794424
    ]
  },
  "episode_000002/videos/right_realsense_rgb.mp4_154": {
    "point0": [
      0.4165311424166262,
      0.6185018304702901
    ],
    "point1": [
      0.41923458719665446,
      0.6022810475922276
    ]
  },
  "episode_000003/videos/right_realsense_rgb.mp4_450": {
    "point0": [
      0.217827951084546,
      0.25894114333990426
    ],
    "point1": [
      0.21985553466956723,
      0.2517319065052098
    ]
  },
  "episode_000004/videos/right_realsense_rgb.mp4_265": {
    "point0": [
      0.3083933512154941,
      0.30219656434807096
    ],
    "point1": [
      0.31380024077555074,
      0.23460996902281048
    ]
  },
  "episode_000005/videos/right_realsense_rgb.mp4_29": {
    "point0": [
      0.21377278391450355,
      0.2760630808223036
    ],
    "point1": [
      0.21580036749952478,
      0.2706561531962827
    ]
  },
  "episode_000006/videos/right_realsense_rgb.mp4_189": {
    "point0": [
      0.3306967706507276,
      0.4905378766544635
    ]
  },
  "episode_000007/videos/right_realsense_rgb.mp4_519": {
    "point0": [
      0.217827951084546,
      0.25894114333990426
    ],
    "point1": [
      0.22053139586457432,
      0.25533652492255704
    ]
  },
  "episode_000008/videos/right_realsense_rgb.mp4_174": {
    "point0": [
      0.3908484170063573,
      0.6941988172345818
    ]
  },
  "episode_000009/videos/right_realsense_rgb.mp4_87": {
    "point0": [
      0.2867657929752677,
      0.12647141650239369
    ],
    "point1": [
      0.2887933765602889,
      0.12016333427203604
    ]
  },
  "episode_000010/videos/right_realsense_rgb.mp4_395": {
    "point0": [
      0.2874416541702748,
      0.3878062517600676
    ],
    "point1": [
      0.29149682134031724,
      0.3481554491692481
    ]
  },
  "episode_000011/videos/right_realsense_rgb.mp4_246": {
    "point0": [
      0.34962088411092573,
      0.6446353139960574
    ]
  },
  "episode_000012/videos/right_realsense_rgb.mp4_58": {
    "point0": [
      0.2563520391999493,
      0.16702337369755
    ],
    "point1": [
      0.25837962278497056,
      0.16071529146719235
    ]
  },
  "episode_000013/videos/right_realsense_rgb.mp4_260": {
    "point0": [
      0.2563520391999493,
      0.3058011827654182
    ]
  },
  "episode_000014/videos/right_realsense_rgb.mp4_508": {
    "point0": [
      0.21917967347456016,
      0.2598422979442411
    ],
    "point1": [
      0.22188311825458845,
      0.2526330611095466
    ]
  },
  "episode_000015/videos/right_realsense_rgb.mp4_391": {
    "point0": [
      0.3502967453059328,
      0.5707406364404393
    ],
    "point1": [
      0.3530001900859611,
      0.5112644325542101
    ]
  },
  "episode_000016/videos/right_realsense_rgb.mp4_302": {
    "point0": [
      0.35705535725600357,
      0.6257110673049845
    ],
    "point1": [
      0.35975880203603183,
      0.6112925936355956
    ]
  },
  "episode_000017/videos/right_realsense_rgb.mp4_310": {
    "point0": [
      0.32866918706570636,
      0.3472542945649113
    ]
  },
  "episode_000018/videos/right_realsense_rgb.mp4_22": {
    "point0": [
      0.21715208988953894,
      0.2607434525485779
    ],
    "point1": [
      0.22188311825458845,
      0.2544353703182202
    ]
  },
  "episode_000019/videos/right_realsense_rgb.mp4_714": {
    "point0": [
      0.3117726571905295,
      0.3094058011827654
    ],
    "point1": [
      0.3151519631655649,
      0.2661503801745987
    ]
  },
  "episode_000020/videos/right_realsense_rgb.mp4_271": {
    "point0": [
      0.3442139945508691,
      0.2526330611095466
    ]
  },
  "episode_000021/videos/right_realsense_rgb.mp4_0": {
    "point0": [
      0.21715208988953894,
      0.2607434525485779
    ],
    "point1": [
      0.22120725705958139,
      0.2535342157138834
    ]
  },
  "episode_000022/videos/right_realsense_rgb.mp4_139": {
    "point0": [
      0.37665533191120876,
      0.45088707406364403
    ]
  },
  "episode_000023/videos/right_realsense_rgb.mp4_418": {
    "point0": [
      0.22999345259467338,
      0.2706561531962827
    ],
    "point1": [
      0.23269689737470167,
      0.2634469163615883
    ]
  },
  "episode_000024/videos/right_realsense_rgb.mp4_201": {
    "point0": [
      0.3604346632310389,
      0.21388341312306391
    ]
  },
  "episode_000025/videos/right_realsense_rgb.mp4_59": {
    "point0": [
      0.4232897543666969,
      0.4022247254294565
    ],
    "point1": [
      0.4246414767567111,
      0.3887074063644044
    ]
  },
  "episode_000026/videos/right_realsense_rgb.mp4_200": {
    "point0": [
      0.23945550932477241,
      0.14719797240214025
    ]
  },
  "episode_000027/videos/right_realsense_rgb.mp4_210": {
    "point0": [
      0.29149682134031724,
      0.19135454801464377
    ]
  },
  "episode_000028/videos/right_realsense_rgb.mp4_121": {
    "point0": [
      0.3874691110313219,
      0.5184736693889045
    ],
    "point1": [
      0.3888208334213361,
      0.4734159391720642
    ]
  },
  "episode_000029/videos/right_realsense_rgb.mp4_118": {
    "point0": [
      0.3131243795805436,
      0.3229231202478175
    ],
    "point1": [
      0.31853126914060026,
      0.2643480709659251
    ]
  },
  "episode_000030/videos/right_realsense_rgb.mp4_201": {
    "point0": [
      0.3232622975056498,
      0.32833004787383835
    ]
  },
  "episode_000031/videos/right_realsense_rgb.mp4_435": {
    "point0": [
      0.3557036348659894,
      0.2679526893832723
    ],
    "point1": [
      0.35705535725600357,
      0.24091805125316812
    ]
  },
  "episode_000032/videos/right_realsense_rgb.mp4_565": {
    "point0": [
      0.21917967347456016,
      0.2598422979442411
    ],
    "point1": [
      0.22053139586457432,
      0.2526330611095466
    ]
  },
  "episode_000033/videos/right_realsense_rgb.mp4_795": {
    "point0": [
      0.3915242782013644,
      0.4499859194593072
    ],
    "point1": [
      0.39490358417639976,
      0.35446353139960574
    ]
  },
  "episode_000034/videos/right_realsense_rgb.mp4_304": {
    "point0": [
      0.30906921241050117,
      0.6437341593917206
    ]
  },
  "episode_000035/videos/right_realsense_rgb.mp4_55": {
    "point0": [
      0.28811751536528185,
      0.581554491692481
    ],
    "point1": [
      0.2901450989503031,
      0.5247817516192622
    ]
  },
  "episode_000036/videos/right_realsense_rgb.mp4_457": {
    "point0": [
      0.30568990643546584,
      0.42385243593353983
    ],
    "point1": [
      0.31244851838553656,
      0.39591664319909886
    ]
  },
  "episode_000037/videos/right_realsense_rgb.mp4_342": {
    "point0": [
      0.3665174139861026,
      0.32833004787383835
    ]
  },
  "episode_000038/videos/right_realsense_rgb.mp4_299": {
    "point0": [
      0.2651382347350413,
      0.17783722894959167
    ]
  },
  "episode_000039/videos/right_realsense_rgb.mp4_32": {
    "point0": [
      0.22053139586457432,
      0.24091805125316812
    ],
    "point1": [
      0.22458656303461677,
      0.23280765981413687
    ]
  },
  "episode_000040/videos/right_realsense_rgb.mp4_29": {
    "point0": [
      0.21580036749952478,
      0.2598422979442411
    ],
    "point1": [
      0.21985553466956723,
      0.2526330611095466
    ]
  },
  "episode_000042/videos/right_realsense_rgb.mp4_191": {
    "point0": [
      0.3550277736709823,
      0.5373979160799774
    ]
  },
  "episode_000044/videos/right_realsense_rgb.mp4_137": {
    "point0": [
      0.3232622975056498,
      0.4571951562940017
    ],
    "point1": [
      0.3259657422856781,
      0.4445789918332864
    ]
  },
  "episode_000046/videos/right_realsense_rgb.mp4_81": {
    "point0": [
      0.3813863602762583,
      0.2796676992396508
    ],