{
  "tip left": 0.0060447868107734925,
  "tip right": 0.007509819106999795
}