{
  "tip left": 0.008076800524385343,
  "tip right": 0.008242971526953724
}