{
  "tip left": 0.010216486625119195,
  "tip right": 0.00916888127732053
}