{
  "episode_000000/videos/side_realsense_rgb.mp4_309": {
    "point0": [
      0.6253722516738125,
      0.39771895240777244
    ]
  },
  "episode_000001/videos/side_realsense_rgb.mp4_94": {
    "point0": [
      0.6774135636893573,
      0.34274852154322727
    ]
  },
  "episode_000002/videos/side_realsense_rgb.mp4_0": {
    "point0": [
      0.379358776691237,
      0.3616727682343002
    ]
  },
  "episode_000003/videos/side_realsense_rgb.mp4_576": {
    "point0": [
      0.5070965425475743,
      0.49143903125880034
    ]
  },
  "episode_000004/videos/side_realsense_rgb.mp4_69": {
    "point0": [
      0.495606902232454,
      0.34094621233455363
    ]
  },
  "episode_000005/videos/side_realsense_rgb.mp4_12": {
    "point0": [
      0.37597947071620164,
      0.36527738665164744
    ]
  },
  "episode_000006/videos/side_realsense_rgb.mp4_753": {
    "point0": [
      0.4523517857520012,
      0.3193185018304703
    ]
  },
  "episode_000007/videos/side_realsense_rgb.mp4_684": {
    "point0": [
      0.3773311931062158,
      0.3634750774429738
    ]
  },
  "episode_000008/videos/side_realsense_rgb.mp4_660": {
    "point0": [
      0.37665533191120876,
      0.3643762320473106
    ]
  },
  "episode_000009/videos/side_realsense_rgb.mp4_213": {
    "point0": [
      0.48682070669736205,
      0.3634750774429738
    ]
  },
  "episode_000010/videos/side_realsense_rgb.mp4_273": {
    "point0": [
      0.5685999112932182,
      0.46170092931568574
    ]
  },
  "episode_000011/videos/side_realsense_rgb.mp4_355": {
    "point0": [
      0.6618687562041946,
      0.5473106167276823
    ]
  },
  "episode_000012/videos/side_realsense_rgb.mp4_392": {
    "point0": [
      0.6098274441886498,
      0.3571669952126162
    ]
  },
  "episode_000013/videos/side_realsense_rgb.mp4_128": {
    "point0": [
      0.49357931864743276,
      0.4157420444945086
    ]
  },
  "episode_000014/videos/side_realsense_rgb.mp4_634": {
    "point0": [
      0.5685999112932182,
      0.27155730780061954
    ]
  },
  "episode_000015/videos/side_realsense_rgb.mp4_449": {
    "point0": [
      0.5969860814835153,
      0.3968177978034357
    ]
  },
  "episode_000016/videos/side_realsense_rgb.mp4_123": {
    "point0": [
      0.5348068515428643,
      0.2868769360743453
    ]
  },
  "episode_000017/videos/side_realsense_rgb.mp4_136": {
    "point0": [
      0.5996895262635437,
      0.5437059983103352
    ]
  },
  "episode_000018/videos/side_realsense_rgb.mp4_73": {},
  "episode_000019/videos/side_realsense_rgb.mp4_336": {
    "point0": [
      0.5300758231778149,
      0.6139960574486061
    ]
  },
  "episode_000020/videos/side_realsense_rgb.mp4_551": {
    "point0": [
      0.5523792426130484,
      0.45539284708532807
    ]
  },
  "episode_000021/videos/side_realsense_rgb.mp4_310": {
    "point0": [
      0.5996895262635437,
      0.32562658406082795
    ]
  },
  "episode_000022/videos/side_realsense_rgb.mp4_581": {
    "point0": [
      0.46113798128709316,
      0.5040551957195156
    ]
  },
  "episode_000023/videos/side_realsense_rgb.mp4_463": {
    "point0": [
      0.5192620440577016,
      0.5437059983103352
    ]
  },
  "episode_000024/videos/side_realsense_rgb.mp4_446": {
    "point0": [
      0.6098274441886498,
      0.6383272317656998
    ]
  },
  "episode_000026/videos/side_realsense_rgb.mp4_200": {
    "point0": [
      0.5530551038080554,
      0.6148972120529428
    ]
  },
  "episode_000027/videos/side_realsense_rgb.mp4_541": {
    "point0": [
      0.6206412233087629,
      0.6410306955787102
    ]
  },
  "episode_000028/videos/side_realsense_rgb.mp4_408": {
    "point0": [
      0.6625446173992017,
      0.5455083075190087
    ],
    "point1": [
      0.6605170338141804,
      0.5392002252886511
    ]
  },
  "episode_000029/videos/side_realsense_rgb.mp4_158": {
    "point0": [
      0.5767102456333031,
      0.5364967614756406
    ]
  },
  "episode_000030/videos/side_realsense_rgb.mp4_322": {
    "point0": [
      0.48682070669736205,
      0.5950718107575331
    ],
    "point1": [
      0.4908758738674045,
      0.5869614193185019
    ]
  },
  "episode_000031/videos/side_realsense_rgb.mp4_573": {
    "point0": [
      0.4712758992121993,
      0.38510278794705716
    ]
  },
  "episode_000032/videos/side_realsense_rgb.mp4_460": {
    "point0": [
      0.48344140072232666,
      0.3805970149253731
    ]
  },
  "episode_000033/videos/side_realsense_rgb.mp4_120": {
    "point0": [
      0.7247238473398526,
      0.49234018586313716
    ],
    "point1": [
      0.7220204025598242,
      0.4833286398197691
    ]
  },
  "episode_000034/videos/side_realsense_rgb.mp4_653": {
    "point0": [
      0.38341394386127947,
      0.3337369754998592
    ]
  },
  "episode_000035/videos/side_realsense_rgb.mp4_523": {
    "point0": [
      0.5557585485880837,
      0.46620670233736977
    ]
  },
  "episode_000037/videos/side_realsense_rgb.mp4_750": {
    "point0": [
      0.3780070543012229,
      0.3607716136299634
    ]
  },
  "episode_000038/videos/side_realsense_rgb.mp4_560": {
    "point0": [
      0.5334551291528502,
      0.3697831596733315
    ],
    "point1": [
      0.5327792679578431,
      0.36798085046465784
    ]
  },
  "episode_000039/videos/side_realsense_rgb.mp4_317": {
    "point0": [
      0.5152068768876592,
      0.3472542945649113
    ],
    "point1": [
      0.5152068768876592,
      0.3472542945649113
    ]
  },
  "episode_000040/videos/side_realsense_rgb.mp4_605": {
    "point0": [
      0.5152068768876592,
      0.3607716136299634
    ],
    "point1": [
      0.5152068768876592,
      0.3607716136299634
    ]
  },
  "episode_000041/videos/side_realsense_rgb.mp4_306": {
    "point0": [
      0.4550552305320295,
      0.29588848211771335
    ],
    "point1": [
      0.4550552305320295,
      0.29588848211771335
    ]
  },
  "episode_000042/videos/side_realsense_rgb.mp4_64": {
    "point0": [
      0.46924831562717806,
      0.3355392847085328
    ],
    "point1": [
      0.46924831562717806,
      0.334638130104196
    ]
  },
  "episode_000043/videos/side_realsense_rgb.mp4_435": {
    "point0": [
      0.540889602297928,
      0.27426077161362994
    ],
    "point1": [
      0.540213741102921,
      0.2733596170092932
    ]
  },
  "episode_000044/videos/side_realsense_rgb.mp4_220": {
    "point0": [
      0.46654487084714974,
      0.516671360180231
    ]
  },
  "episode_000045/videos/side_realsense_rgb.mp4_694": {
    "point0": [
      0.6071239994086215,
      0.25533652492255704
    ],
    "point1": [
      0.6057722770186073,
      0.2517319065052098
    ]
  },
  "episode_000046/videos/side_realsense_rgb.mp4_508": {
    "point0": [
      0.5773861068283102,
      0.2931850183047029
    ],
    "point1": [
      0.5767102456333031,
      0.2913827090960293
    ]
  },
  "episode_000047/videos/side_realsense_rgb.mp4_96": {
    "point0": [
      0.5077724037425814,
      0.5031540411151788
    ]
  },
  "episode_000048/videos/side_realsense_rgb.mp4_353": {
    "point0": [
      0.611855027773671,
      0.5473106167276823
    ],
    "point1": [
      0.611855027773671,
      0.5455083075190087
    ]
  },
  "episode_000049/videos/side_realsense_rgb.mp4_258": {
    "point0": [
      0.5010137917925106,
      0.46440439312869614
    ],
    "point1": [
      0.5030413753775318,
      0.4635032385243593
    ]
  },
  "episode_000050/videos/side_realsense_rgb.mp4_537": {
    "point0": [
      0.5037172365725389,
      0.413939735285835
    ]
  },
  "episode_000051/videos/side_realsense_rgb.mp4_8": {
    "point0": [
      0.3746277483261875,
      0.3643762320473106
    ]
  },
  "episode_000052/videos/side_realsense_rgb.mp4_318": {
    "point0": [
      0.5767102456333031,
      0.6022810475922276
    ],
    "point1": [
      0.5767102456333031,
      0.6013798929878907
    ]
  },
  "episode_000053/videos/side_realsense_rgb.mp4_666": {
    "point0": [
      0.37597947071620164,
      0.362573922838637
    ]
  },