{
  "tip left": 0.019316364659946707,
  "tip right": 0.020285116124838427
}