{
  "tip left": 0.004604949567923526,
  "tip right": 0.004102780028945831
}