{
  "tip left": 0.006837673506682006,
  "tip right": 0.006874100164413232
}