{
  "left tip left": 0.0038004030471123786,
  "left tip right": 0.0042245983572858775,
  "right tip left": 0.00609552402342371,
  "right tip right": 0.005775669239872808
}