{
  "tip left": 0.004118595660904804,
  "tip right": 0.004042824618223069
}