{
  "tip left": 0.015086881055991297,
  "tip right": 0.014630452169669912
}