{
  "tip left": 0.016058406912309767,
  "tip right": 0.01688644439848266
}