{
  "tip left": 0.0208978996993329,
  "tip right": 0.02211326727609308
}