{
  "tip left": 0.00805559706494841,
  "tip right": 0.008375582455625906
}