{
  "left tip left": 0.0066146337617370675,
  "left tip right": 0.006289969376014201,
  "right tip left": 0.01042805344289153,
  "right tip right": 0.011269988078001185
}