{
  "tip left": 0.004685833344465597,
  "tip right": 0.003627989086193846
}