{
  "tip left": 0.017742840560534198,
  "tip right": 0.015161767895197931
}