{
  "tip left": 0.016413646724018446,
  "tip right": 0.01418959031254853
}