{
  "tip left": 0.00975255030602865,
  "tip right": 0.009110576218216622
}