{
  "tip left": 0.015306856868418399,
  "tip right": 0.017802283007289504
}