{
  "tip left": 0.011379430987400737,
  "tip right": 0.011275589550115036
}