{
  "tip left": 0.008790057834004236,
  "tip right": 0.008841569703986382
}