{
  "tip left": 0.006922154854110481,
  "tip right": 0.007010440766063987
}