{
  "episode_000000/videos/right_realsense_rgb.mp4_315": {
    "point0": [
      0.35637949606099645,
      0.03004787383835539
    ]
  },
  "episode_000001/videos/right_realsense_rgb.mp4_77": {
    "point0": [
      0.22188311825458845,
      0.1832441565756125
    ],
    "point1": [
      0.25094514963989273,
      0.11655871585468883
    ]
  },
  "episode_000002/videos/right_realsense_rgb.mp4_757": {
    "point0": [
      0.4678965932371639,
      0.32923120247817517
    ]
  },
  "episode_000004/videos/right_realsense_rgb.mp4_449": {
    "point0": [
      0.40436564090649885,
      0.29588848211771335
    ]
  },
  "episode_000006/videos/right_realsense_rgb.mp4_170": {
    "point0": [
      0.16781422265402243,
      0.41123627147282454
    ],
    "point1": [
      0.20633831076942574,
      0.33914390312588005
    ]
  },
  "episode_000007/videos/right_realsense_rgb.mp4_1336": {
    "point0": [
      0.3083933512154941,
      0.5274852154322726
    ],
    "point1": [
      0.34286227216085496,
      0.4193466629118558
    ]
  },
  "episode_000008/videos/right_realsense_rgb.mp4_114": {
    "point0": [
      0.24351067649481486,
      0.3003942551393973
    ],
    "point1": [
      0.27460029146514037,
      0.2237961137707688
    ]
  },
  "episode_000009/videos/right_realsense_rgb.mp4_1064": {
    "point0": [
      0.37057258115614505,
      0.30850464657842863
    ],
    "point1": [
      0.36786913637611673,
      0.2391157420444945
    ]
  },
  "episode_000010/videos/right_realsense_rgb.mp4_1072": {
    "point0": [
      0.3475933005259045,
      0.46800901154604335
    ]
  },
  "episode_000011/videos/right_realsense_rgb.mp4_822": {
    "point0": [
      0.36719327518110967,
      0.39501548859476204
    ]
  },
  "episode_000012/videos/right_realsense_rgb.mp4_506": {
    "point0": [
      0.39828289015143514,
      0.28597578147000846
    ]
  },
  "episode_000013/videos/right_realsense_rgb.mp4_451": {
    "point0": [
      0.39017255581135024,
      0.0715009856378485
    ]
  },
  "episode_000014/videos/right_realsense_rgb.mp4_215": {
    "point0": [
      0.17051766743405072,
      0.4265558997465503
    ]
  },
  "episode_000015/videos/right_realsense_rgb.mp4_1085": {
    "point0": [
      0.3002830168754092,
      0.3030977189524078
    ]
  },
  "episode_000017/videos/right_realsense_rgb.mp4_1530": {
    "point0": [
      0.3083933512154941,
      0.46800901154604335
    ]
  },
  "episode_000018/videos/right_realsense_rgb.mp4_938": {
    "point0": [
      0.35908294084102477,
      0.28237116305266124
    ],
    "point1": [
      0.36516569159608847,
      0.22289495916643198
    ]
  },
  "episode_000020/videos/right_realsense_rgb.mp4_868": {
    "point0": [
      0.40436564090649885,
      0.2571388341312306
    ],
    "point1": [
      0.41450355883160495,
      0.23100535060546326
    ]
  },
  "episode_000021/videos/right_realsense_rgb.mp4_870": {
    "point0": [
      0.3719243035461592,
      0.2796676992396508
    ]
  },
  "episode_000022/videos/right_realsense_rgb.mp4_38": {
    "point0": [
      0.23877964812976535,
      0.12376795268938327
    ],
    "point1": [
      0.24148309290979364,
      0.11926217966769924
    ]
  },
  "episode_000025/videos/right_realsense_rgb.mp4_846": {
    "point0": [
      0.4131518364415908,
      0.18684877499295974
    ],
    "point1": [
      0.3874691110313219,
      0.10754716981132076
    ]
  },
  "episode_000027/videos/right_realsense_rgb.mp4_933": {
    "point0": [
      0.3408346885758337,
      0.09222754153759505
    ],
    "point1": [
      0.37395188713118044,
      0.0309490284426922
    ]
  },
  "episode_000028/videos/right_realsense_rgb.mp4_1009": {
    "point0": [
      0.4361311170718314,
      0.25533652492255704
    ]
  },
  "episode_000029/videos/right_realsense_rgb.mp4_290": {
    "point0": [
      0.21174520032948232,
      0.4770205575894114
    ],
    "point1": [
      0.2550003168099352,
      0.4193466629118558
    ]
  },
  "episode_000030/videos/right_realsense_rgb.mp4_611": {
    "point0": [
      0.41247597524658375,
      0.30219656434807096
    ],
    "point1": [
      0.415179420026612,
      0.2976907913263869
    ]
  },
  "episode_000031/videos/right_realsense_rgb.mp4_379": {
    "point0": [
      0.3840898050562866,
      0.020135173190650522
    ]
  },
  "episode_000032/videos/right_realsense_rgb.mp4_916": {
    "point0": [
      0.36516569159608847,
      0.18865108420163335
    ]
  },
  "episode_000033/videos/right_realsense_rgb.mp4_1084": {
    "point0": [
      0.37057258115614505,
      0.2706561531962827
    ],
    "point1": [
      0.36854499757112386,
      0.1841453111799493
    ]
  },
  "episode_000035/videos/right_realsense_rgb.mp4_403": {
    "point0": [
      0.44153800663188797,
      0.06789636722050127
    ]
  },
  "episode_000036/videos/right_realsense_rgb.mp4_249": {
    "point0": [
      0.1772762793841215,
      0.2868769360743453
    ]
  },
  "episode_000037/videos/right_realsense_rgb.mp4_993": {
    "point0": [
      0.3631381080110672,
      0.2535342157138834
    ],
    "point1": [
      0.3502967453059328,
      0.1688256829062236
    ]
  },
  "episode_000038/videos/right_realsense_rgb.mp4_177": {
    "point0": [
      0.21377278391450355,
      0.31210926499577585
    ],
    "point1": [
      0.24688998246985025,
      0.2733596170092932
    ]
  },
  "episode_000039/videos/right_realsense_rgb.mp4_516": {
    "point0": [
      0.4212621707816757,
      0.2535342157138834
    ]
  },
  "episode_000040/videos/right_realsense_rgb.mp4_1292": {
    "point0": [
      0.3192071303356073,
      0.44638130104196
    ],
    "point1": [
      0.34015882738082664,
      0.4004224162207829
    ]
  },
  "episode_000042/videos/right_realsense_rgb.mp4_1396": {
    "point0": [
      0.33204849304074174,
      0.5509152351450296
    ]
  },
  "episode_000044/videos/right_realsense_rgb.mp4_309": {
    "point0": [
      0.1880900585042347,
      0.1958603210363278
    ],
    "point1": [
      0.1880900585042347,
      0.19045339341030695
    ]
  },
  "episode_000046/videos/right_realsense_rgb.mp4_1039": {
    "point0": [
      0.3469174393308974,
      0.1832441565756125
    ]
  },
  "episode_000047/videos/right_realsense_rgb.mp4_787": {
    "point0": [
      0.3807104990812512,
      0.17333145592790764
    ],
    "point1": [
      0.40301391851648466,
      0.13638411715009857
    ]
  },
  "episode_000048/videos/right_realsense_rgb.mp4_1663": {
    "point0": [
      0.2793313198301899,
      0.4022247254294565
    ],
    "point1": [
      0.3212347139206286,
      0.3076034919740918
    ]
  },
  "episode_000050/videos/right_realsense_rgb.mp4_1311": {
    "point0": [
      0.3036623228504446,
      0.2679526893832723
    ]
  },
  "episode_000051/videos/right_realsense_rgb.mp4_1560": {
    "point0": [
      0.2617589287600059,
      0.1976626302450014
    ],
    "point1": [
      0.2732485690751262,
      0.17423261053224443
    ]
  },
  "episode_000052/videos/right_realsense_rgb.mp4_1432": {
    "point0": [
      0.34015882738082664,
      0.502252886510842
    ],
    "point1": [
      0.3408346885758337,
      0.4959448042804844
    ]
  },
  "episode_000053/videos/right_realsense_rgb.mp4_923": {
    "point0": [
      0.37597947071620164,
      0.38239932413404676
    ],
    "point1": [
      0.3800346378862441,
      0.32202196564348073
    ]
  },
  "episode_000054/videos/right_realsense_rgb.mp4_1313": {
    "point0": [
      0.3421864109658479,
      0.5419036891016615
    ],
    "point1": [
      0.36246224681606015,
      0.5112644325542101
    ]
  },
  "episode_000057/videos/right_realsense_rgb.mp4_526": {
    "point0": [
      0.42058630958666865,
      0.3571669952126162
    ]
  },
  "episode_000056/videos/right_realsense_rgb.mp4_640": {
    "point0": [
      0.38206222147126534,
      0.25623767952689386
    ]
  },
  "episode_000055/videos/right_realsense_rgb.mp4_564": {
    "point0": [
      0.42261389317168985,
      0.3058011827654182
    ]
  },