{
  "left tip left": 0.017498534372533875,
  "left tip right": 0.014127085597417004,
  "right tip left": 0.008621571970168246,
  "right tip right": 0.008494550122573651
}