{
  "tip left": 0.008474932672651987,
  "tip right": 0.00781180091421446
}