{
  "tip left": 0.006603627104654141,
  "tip right": 0.005501714659042558
}