{
  "left tip left": 0.007011569489757779,
  "left tip right": 0.007165655960066206,
  "right tip left": 0.012483668110566353,
  "right tip right": 0.013223284722126626
}