{
  "tip left": 0.006724179647895899,
  "tip right": 0.005328900877508246
}