{
  "left tip left": 0.0024650951521557147,
  "left tip right": 0.0021891662758484116,
  "right tip left": 0.004706679469232179,
  "right tip right": 0.005985780621220809
}