{
  "episode_000004/videos/right_realsense_rgb.mp4_505": {
    "point0": [
      0.35975880203603183,
      0.4301605181638975
    ]
  },
  "episode_000007/videos/right_realsense_rgb.mp4_900": {
    "point0": [
      0.3246140198956639,
      0.5410025344973247
    ]
  },
  "episode_000012/videos/right_realsense_rgb.mp4_443": {
    "point0": [
      0.23540034215472996,
      0.5193748239932413
    ],
    "point1": [
      0.2347244809597229,
      0.5148690509715573
    ]
  },
  "episode_000013/videos/right_realsense_rgb.mp4_537": {
    "point0": [
      0.2698692631000908,
      0.46710785694170653
    ],
    "point1": [
      0.3050140452404587,
      0.4310616727682343
    ]
  },
  "episode_000014/videos/right_realsense_rgb.mp4_823": {
    "point0": [
      0.3712484423511521,
      0.3202196564348071
    ]
  },
  "episode_000015/videos/right_realsense_rgb.mp4_870": {
    "point0": [
      0.38814497222632904,
      0.3166150380174599
    ],
    "point1": [
      0.3780070543012229,
      0.27516192621796676
    ]
  },
  "episode_000016/videos/right_realsense_rgb.mp4_435": {
    "point0": [
      0.182007307749171,
      0.5058575049281893
    ],
    "point1": [
      0.22729000781464506,
      0.493241340467474
    ]
  },
  "episode_000017/videos/right_realsense_rgb.mp4_1319": {
    "point1": [
      0.42261389317168985,
      0.5148690509715573
    ]
  },
  "episode_000018/videos/right_realsense_rgb.mp4_486": {
    "point0": [
      0.1766004181891144,
      0.6139960574486061
    ],
    "point1": [
      0.22458656303461677,
      0.6022810475922276
    ]
  },
  "episode_000019/videos/right_realsense_rgb.mp4_21": {
    "point0": [
      0.22729000781464506,
      0.2661503801745987
    ],
    "point1": [
      0.22864173020465922,
      0.26524922557026187
    ]
  },
  "episode_000020/videos/right_realsense_rgb.mp4_46": {
    "point0": [
      0.2779795974401757,
      0.23370881441847366
    ],
    "point1": [
      0.2779795974401757,
      0.23370881441847366
    ]
  },
  "episode_000021/videos/right_realsense_rgb.mp4_104": {
    "point1": [
      0.3306967706507276,
      0.3499577583779217
    ]
  },
  "episode_000025/videos/right_realsense_rgb.mp4_986": {
    "point1": [
      0.33677952140579126,
      0.4896367220501267
    ]
  },
  "episode_000026/videos/right_realsense_rgb.mp4_781": {
    "point1": [
      0.31042093480051536,
      0.4454801464376232
    ],
    "point0": [
      0.3110967959955224,
      0.5238805970149254
    ]
  },
  "episode_000027/videos/right_realsense_rgb.mp4_705": {
    "point1": [
      0.35773121845101064,
      0.4274570543508871
    ],
    "point0": [
      0.34826916172091155,
      0.4725147845677274
    ]
  },
  "episode_000028/videos/right_realsense_rgb.mp4_13": {
    "point0": [
      0.2151245063045177,
      0.2661503801745987
    ],
    "point1": [
      0.21580036749952478,
      0.2661503801745987
    ]
  },
  "episode_000030/videos/right_realsense_rgb.mp4_2313": {
    "point0": [
      0.21715208988953894,
      0.25623767952689386
    ],
    "point1": [
      0.217827951084546,
      0.25533652492255704
    ]
  },
  "episode_000032/videos/right_realsense_rgb.mp4_517": {
    "point1": [
      0.2705451242950979,
      0.45539284708532807
    ],
    "point0": [
      0.2401313705197795,
      0.4824274852154323
    ]
  },
  "episode_000033/videos/right_realsense_rgb.mp4_578": {
    "point1": [
      0.34151054977084083,
      0.5112644325542101
    ],
    "point0": [
      0.33204849304074174,
      0.5734441002534497
    ]
  },
  "episode_000034/videos/right_realsense_rgb.mp4_742": {
    "point1": [
      0.26919340190508373,
      0.46440439312869614
    ],
    "point0": [
      0.2597313451749847,
      0.46710785694170653
    ]
  },
  "episode_000036/videos/right_realsense_rgb.mp4_48": {
    "point0": [
      0.2840623481952394,
      0.23460996902281048
    ],
    "point1": [
      0.2840623481952394,
      0.23460996902281048
    ]
  },
  "episode_000037/videos/right_realsense_rgb.mp4_54": {
    "point0": [
      0.29149682134031724,
      0.2976907913263869
    ],
    "point1": [
      0.29149682134031724,
      0.2976907913263869
    ]
  },
  "episode_000038/videos/right_realsense_rgb.mp4_448": {
    "point0": [
      0.15159355397385263,
      0.590566037735849
    ],
    "point1": [
      0.15159355397385263,
      0.590566037735849
    ]
  },
  "episode_000039/videos/right_realsense_rgb.mp4_799": {
    "point1": [
      0.22864173020465922,
      0.5842579555054914
    ],
    "point0": [
      0.18606247491921346,
      0.6067868206139115
    ]
  },
  "episode_000041/videos/right_realsense_rgb.mp4_171": {
    "point0": [
      0.30771749002048704,
      0.5229794424105886
    ],
    "point1": [
      0.30771749002048704,
      0.5184736693889045
    ]
  },
  "episode_000043/videos/right_realsense_rgb.mp4_381": {
    "point0": [
      0.2185038122795531,
      0.5401013798929879
    ],
    "point1": [
      0.2570279003949564,
      0.5283863700366094
    ]
  },
  "episode_000044/videos/right_realsense_rgb.mp4_188": {
    "point1": [
      0.33002090945572055,
      0.2940861729090397
    ]
  },
  "episode_000045/videos/right_realsense_rgb.mp4_606": {
    "point0": [
      0.3083933512154941,
      0.4292593635595607
    ],
    "point1": [
      0.3110967959955224,
      0.48873556744578994
    ]
  },
  "episode_000046/videos/right_realsense_rgb.mp4_637": {
    "point1": [
      0.34286227216085496,
      0.42475359053787665
    ],
    "point0": [
      0.3617863856210531,
      0.47882286679808506
    ]
  },
  "episode_000047/videos/right_realsense_rgb.mp4_747": {
    "point0": [
      0.3306967706507276,
      0.5103632779498732
    ]
  },
  "episode_000049/videos/right_realsense_rgb.mp4_50": {
    "point0": [
      0.29352440492533843,
      0.2499295972965362
    ],
    "point1": [
      0.2948761273153526,
      0.2382145874401577
    ]
  },
  "episode_000050/videos/right_realsense_rgb.mp4_686": {
    "point1": [
      0.1576763047289163,
      0.5788510278794706
    ],
    "point0": [
      0.13199357931864744,
      0.6455364686003943
    ]
  },
  "episode_000051/videos/right_realsense_rgb.mp4_749": {
    "point1": [
      0.26378651234502715,
      0.4562940016896649
    ],
    "point0": [
      0.262434789955013,
      0.5292875246409462
    ]
  },
  "episode_000052/videos/right_realsense_rgb.mp4_156": {
    "point1": [
      0.24215895410480073,
      0.38239932413404676
    ],
    "point0": [
      0.2651382347350413,
      0.41123627147282454
    ]
  },
  "episode_000055/videos/right_realsense_rgb.mp4_199": {
    "point1": [
      0.3178554079455932,
      0.5382990706843143
    ],
    "point0": [
      0.31717954675058607,
      0.5437059983103352
    ]
  },
  "episode_000057/videos/right_realsense_rgb.mp4_611": {
    "point0": [
      0.24215895410480073,
      0.4770205575894114
    ],
    "point1": [
      0.253648594419921,
      0.4436778372289496
    ]
  },
  "episode_000058/videos/right_realsense_rgb.mp4_728": {
    "point0": [
      0.1326694405136545,
      0.5572233173753872
    ]
  },
  "episode_000059/videos/right_realsense_rgb.mp4_15": {
    "point0": [
      0.21647622869453187,
      0.2607434525485779
    ],
    "point1": [
      0.217827951084546,
      0.25803998873556744
    ]
  },
  "episode_000060/videos/right_realsense_rgb.mp4_853": {
    "point0": [
      0.3922001393963715,
      0.5779498732751338
    ]
  },
  "episode_000061/videos/right_realsense_rgb.mp4_449": {
    "point0": [
      0.40098633493146346,
      0.6239087580963109
    ],
    "point1": [
      0.4219380319766828,
      0.5734441002534497
    ]
  },
  "episode_000062/videos/right_realsense_rgb.mp4_33": {
    "point0": [
      0.25567617800494225,
      0.2400168966488313
    ],
    "point1": [
      0.2570279003949564,
      0.2391157420444945
    ]
  },