{
  "tip left": 0.009693386206953982,
  "tip right": 0.008726474155735027
}