{
  "tip left": 0.01843397461054709,
  "tip right": 0.021182054272594147
}