{
  "left tip left": 0.005037539438085577,
  "left tip right": 0.005612031103969672,
  "right tip left": 0.012429004686317163,
  "right tip right": 0.014226051072484196
}