{
  "tip left": 0.005177519190279998,
  "tip right": 0.005120418387036699
}