{
  "tip left": 0.0036150178901342865,
  "tip right": 0.003093144265956885
}