{
  "tip left": 0.007705486131639153,
  "tip right": 0.006738778352434504
}