{
  "left tip left": 0.004735952321365045,
  "left tip right": 0.006070743698269834,
  "right tip left": 0.008243169041689275,
  "right tip right": 0.008117298135734056
}