{
  "tip left": 0.006142531148989206,
  "tip right": 0.005987627021973595
}