{
  "left tip left": 0.007315241840281265,
  "left tip right": 0.007681068890805238,
  "right tip left": 0.010984591656278618,
  "right tip right": 0.012727454690440858
}