{
  "tip left": 0.015413521007825623,
  "tip right": 0.013076403270636654
}