{
  "tip left": 0.01158252400338969,
  "tip right": 0.011983185428014617
}