{
  "left tip left": 0.0030965722254870103,
  "left tip right": 0.003284775737124052,
  "right tip left": 0.005286704499580365,
  "right tip right": 0.004715666178376799
}