{
  "left tip left": 0.009740170669717026,
  "left tip right": 0.008172748777838502,
  "right tip left": 0.003773297376788755,
  "right tip right": 0.003475665576346989
}