{
  "left tip left": 0.010334353031856746,
  "left tip right": 0.008649218211087911,
  "right tip left": 0.007085794855819632,
  "right tip right": 0.006738650710695097
}