{
  "episode_000000/videos/right_realsense_rgb.mp4_2012": {
    "point0": [
      0.1934969480642913,
      0.2697549985919459
    ],
    "point1": [
      0.21715208988953894,
      0.16431990988453957
    ]
  },
  "episode_000002/videos/right_realsense_rgb.mp4_436": {
    "point0": [
      0.14213149724375357,
      0.42565474514221346
    ],
    "point1": [
      0.1989038376243479,
      0.31210926499577585
    ]
  },
  "episode_000003/videos/right_realsense_rgb.mp4_1466": {
    "point1": [
      0.13199357931864744,
      0.5635313996057448
    ]
  },
  "episode_000004/videos/right_realsense_rgb.mp4_1084": {
    "point1": [
      0.23810378693475828,
      0.6356237679526894
    ],
    "point0": [
      0.17322111221407904,
      0.6824838073782034
    ]
  },
  "episode_000005/videos/right_realsense_rgb.mp4_492": {
    "point0": [
      0.07860054491308847,
      0.6004787383835539
    ],
    "point1": [
      0.18606247491921346,
      0.5031540411151788
    ]
  },
  "episode_000006/videos/right_realsense_rgb.mp4_1180": {
    "point0": [
      0.1245591061735696,
      0.3733877780906787
    ],
    "point1": [
      0.17592455699410733,
      0.30850464657842863
    ]
  },
  "episode_000007/videos/right_realsense_rgb.mp4_1597": {
    "point1": [
      0.2070141719644328,
      0.18504646578428613
    ]
  },
  "episode_000008/videos/right_realsense_rgb.mp4_480": {
    "point0": [
      0.18673833611422055,
      0.2670515347789355
    ],
    "point1": [
      0.19484867045430546,
      0.1841453111799493
    ]
  },
  "episode_000011/videos/right_realsense_rgb.mp4_1968": {
    "point0": [
      0.3374553826007984,
      0.34274852154322727
    ],
    "point1": [
      0.34015882738082664,
      0.24542382427485215
    ]
  },
  "episode_000012/videos/right_realsense_rgb.mp4_1918": {
    "point1": [
      0.1353728852936828,
      0.7293438468037172
    ]
  },
  "episode_000013/videos/right_realsense_rgb.mp4_2032": {
    "point0": [
      0.13740046887870402,
      0.2499295972965362
    ],
    "point1": [
      0.17119352862905782,
      0.1841453111799493
    ]
  },
  "episode_000014/videos/right_realsense_rgb.mp4_79": {
    "point0": [
      0.18335903013918517,
      0.21929034074908477
    ],
    "point1": [
      0.20025556001436204,
      0.10394255139397353
    ]
  },
  "episode_000015/videos/right_realsense_rgb.mp4_2321": {
    "point0": [
      0.1989038376243479,
      0.1138552520416784
    ],
    "point1": [
      0.1989038376243479,
      0.11025063362433117
    ]
  },
  "episode_000016/videos/right_realsense_rgb.mp4_2233": {
    "point0": [
      0.3117726571905295,
      0.3364404393128696
    ],
    "point1": [
      0.33204849304074174,
      0.2246972683751056
    ]
  },
  "episode_000017/videos/right_realsense_rgb.mp4_254": {
    "point0": [
      0.22729000781464506,
      0.7735004224162207
    ],
    "point1": [
      0.2813589034152111,
      0.6428330047873838
    ]
  },
  "episode_000018/videos/right_realsense_rgb.mp4_1353": {
    "point0": [
      0.14280735843876063,
      0.47792171219374824
    ],
    "point1": [
      0.2347244809597229,
      0.39501548859476204
    ]
  },
  "episode_000019/videos/right_realsense_rgb.mp4_1182": {
    "point0": [
      0.1657866390690012,
      0.21748803154041116
    ],
    "point1": [
      0.21377278391450355,
      0.15981413686285553
    ]
  },
  "episode_000020/videos/right_realsense_rgb.mp4_1978": {
    "point0": [
      0.2320210361796946,
      0.2255984229794424
    ]
  },
  "episode_000021/videos/right_realsense_rgb.mp4_1855": {
    "point0": [
      0.18876591969924178,
      0.20487186707969587
    ],
    "point1": [
      0.19214522567427714,
      0.20126724866234863
    ]
  },
  "episode_000022/videos/right_realsense_rgb.mp4_991": {
    "point0": [
      0.18741419730922762,
      0.5518163897493664
    ],
    "point1": [
      0.2867657929752677,
      0.4562940016896649
    ]
  },
  "episode_000023/videos/right_realsense_rgb.mp4_607": {
    "point1": [
      0.12861427334361206,
      0.6248099127006477
    ],
    "point0": [
      0.027235094092550743,
      0.7221346099690228
    ]
  },
  "episode_000025/videos/right_realsense_rgb.mp4_1899": {
    "point1": [
      0.2293175913996663,
      0.18955223880597014
    ]
  },
  "episode_000024/videos/right_realsense_rgb.mp4_334": {
    "point0": [
      0.24418653768982196,
      0.4995494226978316
    ]
  },
  "episode_000026/videos/right_realsense_rgb.mp4_135": {
    "point0": [
      0.1407797748537394,
      0.469811320754717
    ],
    "point1": [
      0.21647622869453187,
      0.3481554491692481
    ]
  },
  "episode_000027/videos/right_realsense_rgb.mp4_143": {
    "point0": [
      0.15159355397385263,
      0.2868769360743453
    ],
    "point1": [
      0.21242106152448942,
      0.16972683751056042
    ]
  },
  "episode_000028/videos/right_realsense_rgb.mp4_494": {
    "point0": [
      0.11982807780852008,
      0.4635032385243593
    ],
    "point1": [
      0.17592455699410733,
      0.3742889326950155
    ]
  },
  "episode_000029/videos/right_realsense_rgb.mp4_1741": {
    "point0": [
      0.24351067649481486,
      0.2625457617572515
    ]
  },
  "episode_000031/videos/right_realsense_rgb.mp4_1344": {
    "point0": [
      0.12388324497856253,
      0.4193466629118558
    ],
    "point1": [
      0.20295900479439036,
      0.31301041960011267
    ]
  },
  "episode_000032/videos/right_realsense_rgb.mp4_1059": {
    "point0": [
      0.10022810315331489,
      0.7843142776682624
    ],
    "point1": [
      0.21647622869453187,
      0.6671641791044776
    ]
  },
  "episode_000033/videos/right_realsense_rgb.mp4_1947": {
    "point0": [
      0.31042093480051536,
      0.23100535060546326
    ]
  },
  "episode_000034/videos/right_realsense_rgb.mp4_501": {
    "point0": [
      0.11847635541850593,
      0.5590256265840609
    ],
    "point1": [
      0.1934969480642913,
      0.43736975499859193
    ]
  },
  "episode_000035/videos/right_realsense_rgb.mp4_2069": {
    "point0": [
      0.20093142120936913,
      0.2769642354266404
    ]
  },
  "episode_000036/videos/right_realsense_rgb.mp4_1135": {
    "point1": [
      0.038048873212663946,
      0.6896930442128978
    ]
  },
  "episode_000037/videos/right_realsense_rgb.mp4_1651": {
    "point0": [
      0.15362113755887385,
      0.21568572233173755
    ],
    "point1": [
      0.1989038376243479,
      0.1544072092368347
    ]
  },
  "episode_000038/videos/right_realsense_rgb.mp4_240": {
    "point1": [
      0.2502692884448856,
      0.5851591101098282
    ],
    "point0": [
      0.15429699875388092,
      0.684286116586877
    ]
  },
  "episode_000039/videos/right_realsense_rgb.mp4_896": {
    "point0": [
      0.12523496736857667,
      0.3328358208955224
    ],
    "point1": [
      0.20769003315943987,
      0.23280765981413687
    ]
  },
  "episode_000040/videos/right_realsense_rgb.mp4_51": {
    "point0": [
      0.19282108686928423,
      0.15891298225851871
    ]
  },
  "episode_000041/videos/right_realsense_rgb.mp4_12": {
    "point0": [
      0.20025556001436204,
      0.11025063362433117
    ],
    "point1": [
      0.19957969881935497,
      0.10844832441565756
    ]
  },
  "episode_000042/videos/right_realsense_rgb.mp4_204": {
    "point0": [
      0.20566244957441865,
      0.656350323852436
    ],
    "point1": [
      0.27527615266014743,
      0.5274852154322726
    ]
  },
  "episode_000043/videos/right_realsense_rgb.mp4_492": {
    "point1": [
      0.07319365535303188,
      0.497747113489158
    ]
  },
  "episode_000044/videos/right_realsense_rgb.mp4_2067": {
    "point0": [
      0.34353813335586203,
      0.33824274852154324
    ],
    "point1": [
      0.3604346632310389,
      0.22740073218811602
    ]
  },
  "episode_000045/videos/right_realsense_rgb.mp4_1774": {
    "point1": [
      0.11239360466344224,
      0.6896930442128978
    ]
  },