{
  "left tip left": 0.004057621234357249,
  "left tip right": 0.0027069466856911454,
  "right tip left": 0.008975297030539278,
  "right tip right": 0.009667889396784746
}