{
  "tip left": 0.005440404914051684,
  "tip right": 0.0057707779412150915
}