{
  "tip left": 0.010756625641166844,
  "tip right": 0.010638016942225494
}