{
  "tip left": 0.00886838599769699,
  "tip right": 0.008929084367096565
}