{
  "left tip left": 0.0062918050142581365,
  "left tip right": 0.010153727938406736,
  "right tip left": 0.009055064957606275,
  "right tip right": 0.008317888800431121
}