{
  "tip left": 0.00926317060961019,
  "tip right": 0.008210722345107118
}