{
  "left tip left": 0.0032928374725315793,
  "left tip right": 0.0030617348675378154,
  "right tip left": 0.018935737959279875,
  "right tip right": 0.019460169301800744
}