{
  "tip left": 0.012794792414623843,
  "tip right": 0.01235893306380853
}