{
  "tip left": 0.0044734072562386765,
  "tip right": 0.005069688113841802
}