{
  "tip left": 0.020078289140090865,
  "tip right": 0.020166744926890086
}