{
  "tip left": 0.013373429649903358,
  "tip right": 0.013266254828507445
}