{
  "tip left": 0.0061055302376586814,
  "tip right": 0.005222427477523776
}