{
  "tip left": 0.011026579281813224,
  "tip right": 0.011640034774468134
}