{
  "tip left": 0.010374552937193278,
  "tip right": 0.010517272643329854
}