{
  "tip left": 0.004207711520832284,
  "tip right": 0.004897673626768521
}