{
  "tip left": 0.007598168008880199,
  "tip right": 0.008035806831732651
}