{
  "tip left": 0.01967892712330129,
  "tip right": 0.0204362149116855
}