{
  "tip left": 0.015170359480586692,
  "tip right": 0.017699633833511735
}