{
  "tip left": 0.008255661253988338,
  "tip right": 0.008100092208448179
}