{
  "tip left": 0.0072056539085827535,
  "tip right": 0.006826346108995473
}