{
  "tip left": 0.0054852405998161696,
  "tip right": 0.005902851254904082
}