{
  "tip left": 0.005720042084220463,
  "tip right": 0.0054812287178839115
}