{
  "left tip left": 0.01907020981802358,
  "left tip right": 0.0170820820485672,
  "right tip left": 0.012931754357348514,
  "right tip right": 0.012090937942104654
}