{
  "left tip left": 0.005504474609867282,
  "left tip right": 0.0058601527681339475,
  "right tip left": 0.007766601131124711,
  "right tip right": 0.008378366094310457
}