{
  "tip left": 0.008563432395774274,
  "tip right": 0.009310421638004674
}