{
  "tip left": 0.00650049080557179,
  "tip right": 0.0070286783672621434
}