{
  "left tip left": 0.0013474668893514038,
  "left tip right": 0.0014048593726135562,
  "right tip left": 0.0075253123330080605,
  "right tip right": 0.008166134984790435
}