{
  "tip left": 0.015208230058176527,
  "tip right": 0.013356034080177355
}