{
  "episode_000000/videos/right_realsense_rgb.mp4_104": {
    "point0": [
      0.15024183158383847,
      0.497747113489158
    ],
    "point1": [
      0.22391070183960968,
      0.3760912419036891
    ]
  },
  "episode_000001/videos/right_realsense_rgb.mp4_919": {
    "point0": [
      0.44491731260692335,
      0.44097437341593915
    ]
  },
  "episode_000005/videos/right_realsense_rgb.mp4_1359": {
    "point0": [
      0.42599319914672523,
      0.38510278794705716
    ],
    "point1": [
      0.47533106638224176,
      0.2733596170092932
    ]
  },
  "episode_000009/videos/right_realsense_rgb.mp4_863": {
    "point0": [
      0.4347793946818172,
      0.6500422416220782
    ]
  },
  "episode_000006/videos/right_realsense_rgb.mp4_1279": {
    "point0": [
      0.09549707478826536,
      0.66085609687412
    ],
    "point1": [
      0.09887638076330074,
      0.6518445508307519
    ]
  },
  "episode_000010/videos/right_realsense_rgb.mp4_1568": {
    "point0": [
      0.19282108686928423,
      0.10934947901999437
    ]
  },
  "episode_000011/videos/right_realsense_rgb.mp4_900": {
    "point0": [
      0.19417280925929836,
      0.39231202478175164
    ],
    "point1": [
      0.2563520391999493,
      0.2607434525485779
    ]
  },
  "episode_000012/videos/right_realsense_rgb.mp4_1942": {
    "point0": [
      0.19146936447927007,
      0.1138552520416784
    ]
  },
  "episode_000014/videos/right_realsense_rgb.mp4_1440": {
    "point0": [
      0.4719517604072064,
      0.10304139678963672
    ]
  },
  "episode_000015/videos/right_realsense_rgb.mp4_493": {
    "point0": [
      0.4550552305320295,
      0.20667417628836948
    ],
    "point1": [
      0.45843453650706484,
      0.1138552520416784
    ]
  },
  "episode_000016/videos/right_realsense_rgb.mp4_749": {
    "point0": [
      0.49695862462246815,
      0.08591945930723739
    ]
  },
  "episode_000017/videos/right_realsense_rgb.mp4_1": {
    "point0": [
      0.19282108686928423,
      0.1138552520416784
    ]
  },
  "episode_000022/videos/right_realsense_rgb.mp4_915": {
    "point0": [
      0.2698692631000908,
      0.31391157420444943
    ]
  },
  "episode_000024/videos/right_realsense_rgb.mp4_108": {
    "point0": [
      0.14551080321878895,
      0.5392002252886511
    ],
    "point1": [
      0.23877964812976535,
      0.4598986201070121
    ]
  },
  "episode_000025/videos/right_realsense_rgb.mp4_292": {
    "point0": [
      0.24621412127484318,
      0.08862292312024782
    ],
    "point1": [
      0.24418653768982196,
      0.08051253168121655
    ]
  },
  "episode_000026/videos/right_realsense_rgb.mp4_105": {
    "point0": [
      0.2232348406446026,
      0.3202196564348071
    ],
    "point1": [
      0.1962003928443196,
      0.2499295972965362
    ]
  },
  "episode_000027/videos/right_realsense_rgb.mp4_1169": {
    "point0": [
      0.190793503284263,
      0.5851591101098282
    ],
    "point1": [
      0.24891756605487148,
      0.46170092931568574
    ]
  },
  "episode_000029/videos/right_realsense_rgb.mp4_92": {
    "point0": [
      0.2563520391999493,
      0.24272036046184173
    ],
    "point1": [
      0.26378651234502715,
      0.16792452830188678
    ]
  },
  "episode_000030/videos/right_realsense_rgb.mp4_678": {
    "point0": [
      0.25229687202990686,
      0.49414249507181074
    ],
    "point1": [
      0.2455382600798361,
      0.39591664319909886
    ]
  },
  "episode_000032/videos/right_realsense_rgb.mp4_1105": {
    "point0": [
      0.13875219126871818,
      0.6212052942833005
    ],
    "point1": [
      0.20904175554945403,
      0.469811320754717
    ]
  },
  "episode_000033/videos/right_realsense_rgb.mp4_802": {
    "point1": [
      0.1982279764293408,
      0.30219656434807096
    ],
    "point0": [
      0.24148309290979364,
      0.3760912419036891
    ]
  },
  "episode_000034/videos/right_realsense_rgb.mp4_747": {
    "point0": [
      0.3151519631655649,
      0.4589974655026753
    ]
  },
  "episode_000038/videos/right_realsense_rgb.mp4_950": {
    "point0": [
      0.15835216592392337,
      0.6509433962264151
    ],
    "point1": [
      0.19484867045430546,
      0.5121655871585469
    ]
  },
  "episode_000039/videos/right_realsense_rgb.mp4_30": {
    "point0": [
      0.1901176420892559,
      0.13548296254576175
    ],
    "point1": [
      0.1962003928443196,
      0.09312869614193185
    ]
  },
  "episode_000040/videos/right_realsense_rgb.mp4_1742": {
    "point0": [
      0.19282108686928423,
      0.1129540974373416
    ]
  },
  "episode_000041/videos/right_realsense_rgb.mp4_681": {
    "point0": [
      0.3151519631655649,
      0.4833286398197691
    ],
    "point1": [
      0.31717954675058607,
      0.47882286679808506
    ]
  },
  "episode_000042/videos/right_realsense_rgb.mp4_354": {
    "point0": [
      0.4455931738019304,
      0.3373415939172064
    ]
  },
  "episode_000043/videos/right_realsense_rgb.mp4_1516": {
    "point0": [
      0.23540034215472996,
      0.17333145592790764
    ],
    "point1": [
      0.24215895410480073,
      0.1291748803154041
    ]
  },
  "episode_000046/videos/right_realsense_rgb.mp4_389": {
    "point0": [
      0.4962827634274611,
      0.06339059419881724
    ]
  },
  "episode_000049/videos/right_realsense_rgb.mp4_1264": {
    "point0": [
      0.30771749002048704,
      0.37158546888200505
    ]
  },
  "episode_000050/videos/right_realsense_rgb.mp4_136": {
    "point0": [
      0.24215895410480073,
      0.6031822021965644
    ],
    "point1": [
      0.2631106511500201,
      0.49504364967614756
    ]
  },
  "episode_000051/videos/right_realsense_rgb.mp4_1140": {
    "point0": [
      0.25432445561492806,
      0.3742889326950155
    ],
    "point1": [
      0.1901176420892559,
      0.2931850183047029
    ]
  },
  "episode_000054/videos/right_realsense_rgb.mp4_20": {
    "point0": [
      0.19146936447927007,
      0.11025063362433117
    ],
    "point1": [
      0.1934969480642913,
      0.10934947901999437
    ]
  },
  "episode_000056/videos/right_realsense_rgb.mp4_135": {
    "point0": [
      0.054945403087840836,
      0.609490284426922
    ],
    "point1": [
      0.15970388831393753,
      0.5220782878062518
    ]
  },
  "episode_000057/videos/right_realsense_rgb.mp4_1603": {
    "point0": [
      0.21647622869453187,
      0.08051253168121655
    ],
    "point1": [
      0.22053139586457432,
      0.05257673894677556
    ]
  },
  "episode_000058/videos/right_realsense_rgb.mp4_1216": {
    "point1": [
      0.3029864616554375,
      0.5545198535623768
    ]
  },
  "episode_000059/videos/right_realsense_rgb.mp4_24": {
    "point0": [
      0.19146936447927007,
      0.11025063362433117
    ],
    "point1": [
      0.19282108686928423,
      0.10934947901999437
    ]
  },
  "episode_000060/videos/right_realsense_rgb.mp4_181": {
    "point0": [
      0.24418653768982196,
      0.7311461560123909
    ],
    "point1": [
      0.30568990643546584,
      0.6257110673049845
    ]
  },
  "episode_000061/videos/right_realsense_rgb.mp4_169": {
    "point0": [
      0.22864173020465922,
      0.6401295409743735
    ],
    "point1": [
      0.3036623228504446,
      0.5734441002534497
    ]
  },
  "episode_000062/videos/right_realsense_rgb.mp4_1380": {
    "point0": [
      0.2151245063045177,
      0.33193466629118556
    ]
  },
  "episode_000063/videos/right_realsense_rgb.mp4_973": {
    "point0": [
      0.5084482649375884,
      0.042664038299070686
    ]
  },
  "episode_000064/videos/right_realsense_rgb.mp4_1459": {
    "point0": [
      0.37868291549622995,
      0.5274852154322726
    ],
    "point1": [
      0.3807104990812512,
      0.3634750774429738
    ]
  },
  "episode_000068/videos/right_realsense_rgb.mp4_208": {
    "point0": [
      0.22255897944959555,
      0.36527738665164744
    ],
    "point1": [
      0.18673833611422055,
      0.3166150380174599
    ]
  },