{
  "tip left": 0.01136713166127742,
  "tip right": 0.007910888086949465
}