{
  "left tip left": 0.00257807613433642,
  "left tip right": 0.002620843235979016,
  "right tip left": 0.004269364946224298,
  "right tip right": 0.0045392991894612775
}