{
  "tip left": 0.009608830838414168,
  "tip right": 0.008848433762505619
}