{
  "tip left": 0.006999571036151436,
  "tip right": 0.006643676627284297
}