{
  "tip left": 0.0066733383288565635,
  "tip right": 0.006355491537211881
}