{
  "episode_000000/videos/right_realsense_rgb.mp4_1056": {
    "point0": [
      0.1989038376243479,
      0.2246972683751056
    ],
    "point1": [
      0.20025556001436204,
      0.21748803154041116
    ]
  },
  "episode_000002/videos/right_realsense_rgb.mp4_1060": {
    "point0": [
      0.14821424799881724,
      0.3238242748521543
    ],
    "point1": [
      0.16443491667898705,
      0.22920304139678963
    ]
  },
  "episode_000004/videos/right_realsense_rgb.mp4_1771": {
    "point0": [
      0.217827951084546,
      0.25894114333990426
    ],
    "point1": [
      0.21985553466956723,
      0.25533652492255704
    ]
  },
  "episode_000005/videos/right_realsense_rgb.mp4_260": {
    "point0": [
      0.2840623481952394,
      0.9906786820613912
    ],
    "point1": [
      0.3192071303356073,
      0.8573078006195438
    ]
  },
  "episode_000006/videos/right_realsense_rgb.mp4_1565": {
    "point0": [
      0.19484867045430546,
      0.390509715573078
    ],
    "point1": [
      0.20836589435444697,
      0.3364404393128696
    ]
  },
  "episode_000007/videos/right_realsense_rgb.mp4_1344": {
    "point1": [
      0.3584070796460177,
      0.4445789918332864
    ]
  },
  "episode_000009/videos/right_realsense_rgb.mp4_695": {
    "point0": [
      0.35773121845101064,
      0.9257955505491411
    ],
    "point1": [
      0.3773311931062158,
      0.7735004224162207
    ]
  },
  "episode_000011/videos/right_realsense_rgb.mp4_789": {
    "point0": [
      0.2921726825353243,
      0.9366094058011828
    ],
    "point1": [
      0.31380024077555074,
      0.7969304421289778
    ]
  },
  "episode_000012/videos/right_realsense_rgb.mp4_680": {
    "point0": [
      0.2948761273153526,
      0.07330329484652211
    ]
  },
  "episode_000013/videos/right_realsense_rgb.mp4_44": {
    "point0": [
      0.20093142120936913,
      0.3733877780906787
    ],
    "point1": [
      0.2016072824043762,
      0.36888200506899466
    ]
  },
  "episode_000014/videos/right_realsense_rgb.mp4_380": {
    "point0": [
      0.3442139945508691,
      0.06609405801182766
    ],
    "point1": [
      0.34286227216085496,
      0.023739791607997746
    ]
  },
  "episode_000015/videos/right_realsense_rgb.mp4_887": {
    "point0": [
      0.2570279003949564,
      0.06789636722050127
    ]
  },
  "episode_000017/videos/right_realsense_rgb.mp4_246": {
    "point0": [
      0.2779795974401757,
      0.1012390875809631
    ],
    "point1": [
      0.26716581832006253,
      0.02554210081667136
    ]
  },
  "episode_000019/videos/right_realsense_rgb.mp4_943": {
    "point0": [
      0.2185038122795531,
      0.2598422979442411
    ],
    "point1": [
      0.22120725705958139,
      0.2544353703182202
    ]
  },
  "episode_000020/videos/right_realsense_rgb.mp4_787": {
    "point0": [
      0.3854415274463007,
      0.47521824838073784
    ]
  },
  "episode_000022/videos/right_realsense_rgb.mp4_930": {
    "point0": [
      0.190793503284263,
      0.4175443537031822
    ],
    "point1": [
      0.23607620334973706,
      0.3436496761475641
    ]
  },
  "episode_000023/videos/right_realsense_rgb.mp4_15": {
    "point0": [
      0.22255897944959555,
      0.24632497887918897
    ],
    "point1": [
      0.22255897944959555,
      0.24362151506617855
    ]
  },
  "episode_000024/videos/right_realsense_rgb.mp4_32": {
    "point0": [
      0.2313451749846875,
      0.1535060546324979
    ],
    "point1": [
      0.23269689737470167,
      0.15170374542382428
    ]
  },
  "episode_000026/videos/right_realsense_rgb.mp4_924": {
    "point0": [
      0.3421864109658479,
      0.25894114333990426
    ]
  },
  "episode_000027/videos/right_realsense_rgb.mp4_410": {
    "point0": [
      0.3002830168754092,
      0.2931850183047029
    ]
  },
  "episode_000029/videos/right_realsense_rgb.mp4_1060": {
    "point0": [
      0.23877964812976535,
      0.21929034074908477
    ]
  },
  "episode_000030/videos/right_realsense_rgb.mp4_431": {
    "point0": [
      0.2610830675649988,
      0.10664601520698395
    ]
  },
  "episode_000033/videos/right_realsense_rgb.mp4_48": {
    "point0": [
      0.1853866137242064,
      0.4860321036327795
    ],
    "point1": [
      0.18673833611422055,
      0.4833286398197691
    ]
  },
  "episode_000034/videos/right_realsense_rgb.mp4_474": {
    "point0": [
      0.2610830675649988,
      0.23641227823148409
    ],
    "point1": [
      0.2529727332249139,
      0.18504646578428613
    ]
  },
  "episode_000036/videos/right_realsense_rgb.mp4_2": {
    "point0": [
      0.21715208988953894,
      0.25894114333990426
    ],
    "point1": [
      0.2185038122795531,
      0.25533652492255704
    ]
  },
  "episode_000037/videos/right_realsense_rgb.mp4_541": {
    "point0": [
      0.34151054977084083,
      0.2760630808223036
    ]
  },
  "episode_000039/videos/right_realsense_rgb.mp4_288": {
    "point0": [
      0.4232897543666969,
      0.3436496761475641
    ]
  },
  "episode_000041/videos/right_realsense_rgb.mp4_877": {
    "point0": [
      0.22120725705958139,
      0.44187552802027596
    ]
  },
  "episode_000042/videos/right_realsense_rgb.mp4_550": {
    "point0": [
      0.2103934779394682,
      0.1535060546324979
    ],
    "point1": [
      0.19957969881935497,
      0.0588848211771332
    ]
  },
  "episode_000043/videos/right_realsense_rgb.mp4_666": {
    "point0": [
      0.2779795974401757,
      0.2102787947057167
    ],
    "point1": [
      0.24418653768982196,
      0.13818642635877218
    ]
  },
  "episode_000046/videos/right_realsense_rgb.mp4_52": {
    "point0": [
      0.24080723171478657,
      0.11205294283300479
    ],
    "point1": [
      0.24080723171478657,
      0.11205294283300479
    ]
  },
  "episode_000047/videos/right_realsense_rgb.mp4_1206": {
    "point0": [
      0.190793503284263,
      0.4337651365812447
    ],
    "point1": [
      0.18335903013918517,
      0.31301041960011267
    ]
  },
  "episode_000049/videos/right_realsense_rgb.mp4_1329": {
    "point0": [
      0.22458656303461677,
      0.2634469163615883
    ],
    "point1": [
      0.22593828542463093,
      0.24362151506617855
    ]
  },
  "episode_000051/videos/right_realsense_rgb.mp4_108": {
    "point0": [
      0.3063657676304729,
      0.22019149535342158
    ],
    "point1": [
      0.3063657676304729,
      0.22019149535342158
    ]
  },
  "episode_000052/videos/right_realsense_rgb.mp4_438": {
    "point0": [
      0.20363486598939742,
      0.1544072092368347
    ]
  },
  "episode_000053/videos/right_realsense_rgb.mp4_670": {
    "point0": [
      0.22796586900965216,
      0.20216840326668545
    ],
    "point1": [
      0.22864173020465922,
      0.15801182765418192
    ]
  },
  "episode_000054/videos/right_realsense_rgb.mp4_382": {
    "point0": [
      0.3442139945508691,
      0.3796958603210363
    ],
    "point1": [
      0.34894502291591867,
      0.3103069557871022
    ]
  },
  "episode_000057/videos/right_realsense_rgb.mp4_753": {
    "point0": [
      0.44018628424187384,
      0.856406646015207
    ],
    "point1": [
      0.4537035081420153,
      0.6969022810475922
    ]
  },
  "episode_000058/videos/right_realsense_rgb.mp4_484": {
    "point0": [
      0.25837962278497056,
      0.20937764010137988
    ],
    "point1": [
      0.2779795974401757,
      0.12466910729372008
    ]
  },
  "episode_000061/videos/right_realsense_rgb.mp4_215": {
    "point0": [
      0.3536760512809682,
      0.5410025344973247
    ],
    "point1": [
      0.3536760512809682,
      0.5364967614756406
    ]
  },
  "episode_000062/videos/right_realsense_rgb.mp4_143": {
    "point0": [
      0.25094514963989273,
      0.06609405801182766
    ]
  },
  "episode_000067/videos/right_realsense_rgb.mp4_1000": {
    "point0": [
      0.2103934779394682,
      0.2400168966488313
    ],
    "point1": [
      0.23540034215472996,
      0.13368065333708815
    ]
  },