{
  "tip left": 0.015752975909430738,
  "tip right": 0.016142101797736966
}