{
  "tip left": 0.005001737900303368,
  "tip right": 0.004794621190756463
}