{
  "tip left": 0.003298620803510081,
  "tip right": 0.0033149693124805814
}