{
  "left tip left": 0.003285061944967021,
  "left tip right": 0.0032997162857188933,
  "right tip left": 0.004864820816338771,
  "right tip right": 0.005142137816657891
}