{
  "left tip left": 0.004102401707172326,
  "left tip right": 0.00478195455217562,
  "right tip left": 0.00730655967228352,
  "right tip right": 0.007638523417893355
}