{
  "tip left": 0.014904230751245742,
  "tip right": 0.016894121880654592
}